URL,Lastmod,Changefreq,Priority
https://qicards.heytcm.com/,2025-03-19,daily,1.0
https://qicards.heytcm.com/achievements,2025-03-08,weekly,0.9
https://qicards.heytcm.com/assessment-report,2025-03-08,weekly,0.9
https://qicards.heytcm.com/assets,2025-03-08,weekly,0.9
https://qicards.heytcm.com/card-detail,2025-03-08,weekly,0.9
https://qicards.heytcm.com/cards,2025-03-08,weekly,0.9
https://qicards.heytcm.com/health-log,2025-03-08,weekly,0.9
https://qicards.heytcm.com/history,2025-03-08,weekly,0.9
https://qicards.heytcm.com/home,2025-03-08,weekly,0.9
https://qicards.heytcm.com/leaderboard,2025-03-08,weekly,0.9
https://qicards.heytcm.com/levels,2025-03-08,weekly,0.9
https://qicards.heytcm.com/privacy,2025-03-08,weekly,0.9
https://qicards.heytcm.com/profile,2025-03-08,weekly,0.9
https://qicards.heytcm.com/question,2025-03-08,weekly,0.9
https://qicards.heytcm.com/results,2025-03-08,weekly,0.9
https://qicards.heytcm.com/settings,2025-03-08,weekly,0.9
https://qicards.heytcm.com/shop,2025-03-08,weekly,0.9
https://qicards.heytcm.com/subscription,2025-03-08,weekly,0.9
https://qicards.heytcm.com/terms,2025-03-08,weekly,0.9